district,month,seizure_volume,od_admissions,repeat_offender_density,verified_tip_density,composite_threat_score
New Delhi,2026-04,6.44,4,1.72,1.41,0.279
New Delhi,2026-05,6.82,2,1.89,1.18,0.249
New Delhi,2026-06,6.94,6,1.85,1.67,0.334
New Delhi,2026-07,9.46,6,1.46,1.08,0.331
New Delhi,2026-08,8.78,8,1.78,1.41,0.38
New Delhi,2026-09,9.83,3,1.64,1.65,0.315
Central,2026-04,15.78,9,3.67,2.47,0.61
Central,2026-05,16.24,8,3.75,2.07,0.588
Central,2026-06,8.41,9,3.15,2.9,0.502
Central,2026-07,17.3,9,3.86,2.46,0.639
Central,2026-08,16.1,11,3.57,3.13,0.669
Central,2026-09,18.6,13,3.78,3.14,0.746
North,2026-04,5.23,3,1.57,1.35,0.237
North,2026-05,6.51,10,1.43,0.93,0.35
North,2026-06,9.4,8,1.96,1.57,0.402
North,2026-07,11.39,5,1.19,1.22,0.336
North,2026-08,10.54,3,1.77,1.52,0.325
North,2026-09,7.71,7,1.99,2.2,0.387
North West,2026-04,8.35,4,1.54,0.95,0.281
North West,2026-05,9.52,4,1.73,1.48,0.325
North West,2026-06,5.67,5,1.02,1.0,0.241
North West,2026-07,6.4,6,2.24,1.37,0.331
North West,2026-08,8.81,6,2.19,1.71,0.375
North West,2026-09,9.18,4,2.12,1.61,0.34
West,2026-04,16.67,10,4.3,2.29,0.658
West,2026-05,18.26,10,3.31,2.18,0.636
West,2026-06,14.58,13,3.85,2.85,0.682
West,2026-07,9.7,12,3.74,2.6,0.583
West,2026-08,14.75,12,4.21,2.56,0.671
West,2026-09,15.93,15,3.34,2.89,0.715
South West,2026-04,7.04,2,1.85,0.84,0.237
South West,2026-05,9.35,5,2.67,1.34,0.371
South West,2026-06,10.89,3,1.71,1.42,0.324
South West,2026-07,12.18,2,2.16,1.56,0.349
South West,2026-08,11.99,7,1.78,1.28,0.404
South West,2026-09,5.38,6,1.68,2.11,0.322
South,2026-04,5.27,5,1.13,1.08,0.243
South,2026-05,7.79,7,2.34,1.25,0.366
South,2026-06,4.69,6,1.97,1.47,0.3
South,2026-07,6.07,8,1.8,1.59,0.35
South,2026-08,11.35,7,1.87,2.09,0.429
South,2026-09,9.11,5,1.8,1.94,0.356
South East,2026-04,7.1,6,2.24,1.05,0.328
South East,2026-05,2.82,6,1.85,1.08,0.254
South East,2026-06,9.66,6,1.36,1.48,0.345
South East,2026-07,7.33,3,1.94,1.37,0.282
South East,2026-08,6.3,7,1.96,1.27,0.331
South East,2026-09,9.5,8,1.47,1.61,0.386
East,2026-04,6.81,9,1.02,1.41,0.339
East,2026-05,6.37,5,2.52,1.26,0.321
East,2026-06,13.08,4,1.9,1.17,0.37
East,2026-07,6.09,6,1.65,1.44,0.305
East,2026-08,2.9,10,1.69,1.96,0.348
East,2026-09,5.98,7,3.03,1.24,0.368
Shahdara,2026-04,9.86,9,3.71,2.61,0.534
Shahdara,2026-05,17.51,10,2.88,2.39,0.617
Shahdara,2026-06,18.06,11,2.74,2.63,0.644
Shahdara,2026-07,19.14,15,3.74,2.85,0.774
Shahdara,2026-08,13.22,10,3.54,3.03,0.607
Shahdara,2026-09,18.45,11,3.06,2.77,0.668
North East,2026-04,10.71,11,2.6,2.3,0.524
North East,2026-05,15.4,13,3.55,2.82,0.68
North East,2026-06,13.96,9,3.25,3.1,0.592
North East,2026-07,18.13,12,4.85,2.75,0.751
North East,2026-08,17.87,12,3.43,3.57,0.721
North East,2026-09,20.77,9,3.36,3.13,0.693
Rohini,2026-04,8.76,2,0.86,0.63,0.214
Rohini,2026-05,6.96,5,1.9,1.03,0.295
Rohini,2026-06,4.42,1,1.89,1.43,0.208
Rohini,2026-07,10.3,7,1.68,1.78,0.395
Rohini,2026-08,7.82,4,1.55,1.26,0.285
Rohini,2026-09,3.09,6,1.86,1.39,0.27
Outer,2026-04,5.02,6,2.45,1.21,0.314
Outer,2026-05,5.87,4,1.73,0.88,0.251
Outer,2026-06,7.17,5,2.5,1.6,0.344
Outer,2026-07,10.41,4,2.03,1.04,0.333
Outer,2026-08,8.94,7,1.45,2.04,0.376
Outer,2026-09,9.92,2,1.98,1.38,0.303
Outer North,2026-04,13.6,11,3.68,1.79,0.588
Outer North,2026-05,11.38,12,4.04,3.09,0.637
Outer North,2026-06,19.47,6,3.83,2.07,0.603
Outer North,2026-07,19.67,12,3.06,3.36,0.724
Outer North,2026-08,17.93,8,3.64,2.66,0.63
Outer North,2026-09,17.28,11,4.07,2.57,0.684
Dwarka,2026-04,7.59,8,1.43,1.26,0.344
Dwarka,2026-05,7.65,4,2.02,1.29,0.303
Dwarka,2026-06,5.12,9,2.08,1.27,0.353
Dwarka,2026-07,6.23,4,2.25,1.34,0.294
Dwarka,2026-08,9.31,5,2.01,1.41,0.347
Dwarka,2026-09,10.41,6,2.09,1.7,0.393
Gurugram East,2026-04,6.51,3,1.38,0.98,0.233
Gurugram East,2026-05,4.68,7,1.74,1.73,0.317
Gurugram East,2026-06,13.18,5,1.14,1.21,0.359
Gurugram East,2026-07,7.63,3,1.66,1.47,0.278
Gurugram East,2026-08,7.01,4,1.46,1.98,0.297
Gurugram East,2026-09,8.1,4,1.61,1.79,0.312
Noida Central,2026-04,5.09,6,2.05,1.42,0.307
Noida Central,2026-05,10.64,4,2.21,1.02,0.342
Noida Central,2026-06,6.49,8,2.09,1.32,0.357
Noida Central,2026-07,4.84,7,1.51,1.1,0.286
Noida Central,2026-08,6.54,6,0.91,1.55,0.286
Noida Central,2026-09,8.93,5,2.17,1.68,0.358
Faridabad NIT,2026-04,5.28,3,2.04,0.75,0.234
Faridabad NIT,2026-05,6.31,4,1.79,1.32,0.276
Faridabad NIT,2026-06,7.57,8,1.85,1.23,0.359
Faridabad NIT,2026-07,4.79,7,1.97,1.82,0.331
Faridabad NIT,2026-08,6.29,6,1.74,1.41,0.311
Faridabad NIT,2026-09,8.53,3,2.09,1.7,0.317
