district,month,incident_count,category_severity,verified_tip_density,composite_threat_score
New Delhi,2026-04,57,0.605,2.79,0.496
New Delhi,2026-05,52,0.691,2.2,0.494
New Delhi,2026-06,64,0.639,1.38,0.471
New Delhi,2026-07,73,0.6,2.75,0.532
New Delhi,2026-08,60,0.566,2.35,0.47
New Delhi,2026-09,63,0.501,2.01,0.438
Central,2026-04,124,0.95,2.98,0.809
Central,2026-05,116,0.832,2.23,0.712
Central,2026-06,105,0.95,3.63,0.788
Central,2026-07,92,0.95,2.66,0.716
Central,2026-08,108,0.851,3.41,0.747
Central,2026-09,109,0.839,3.19,0.736
North,2026-04,117,0.95,2.6,0.776
North,2026-05,110,0.881,2.69,0.735
North,2026-06,129,0.95,3.02,0.823
North,2026-07,108,0.95,3.61,0.794
North,2026-08,139,0.95,1.7,0.795
North,2026-09,101,0.921,3.38,0.756
North West,2026-04,64,0.543,1.47,0.436
North West,2026-05,84,0.643,1.72,0.536
North West,2026-06,74,0.649,2.89,0.56
North West,2026-07,48,0.657,1.76,0.453
North West,2026-08,81,0.58,0.76,0.465
North West,2026-09,64,0.452,1.99,0.42
West,2026-04,104,0.948,2.61,0.744
West,2026-05,88,0.912,3.35,0.719
West,2026-06,124,0.95,3.22,0.819
West,2026-07,124,0.871,3.91,0.815
West,2026-08,102,0.95,3.88,0.79
West,2026-09,95,0.95,3.49,0.757
South West,2026-04,100,0.571,2.89,0.594
South West,2026-05,73,0.501,2.94,0.501
South West,2026-06,48,0.416,2.64,0.392
South West,2026-07,80,0.599,1.97,0.518
South West,2026-08,88,0.652,1.73,0.55
South West,2026-09,75,0.496,1.79,0.458
South,2026-04,48,0.419,1.42,0.344
South,2026-05,82,0.507,1.79,0.479
South,2026-06,46,0.664,2.13,0.466
South,2026-07,71,0.587,1.42,0.469
South,2026-08,49,0.662,2.09,0.471
South,2026-09,75,0.35,2.79,0.439
South East,2026-04,98,0.95,3.19,0.753
South East,2026-05,105,0.95,2.97,0.761
South East,2026-06,118,0.928,4.27,0.837
South East,2026-07,117,0.95,3.07,0.795
South East,2026-08,102,0.95,2.28,0.726
South East,2026-09,97,0.95,2.74,0.732
East,2026-04,83,0.545,2.32,0.518
East,2026-05,47,0.634,2.4,0.467
East,2026-06,81,0.703,2.88,0.599
East,2026-07,67,0.497,2.92,0.483
East,2026-08,44,0.56,2.57,0.437
East,2026-09,70,0.722,2.12,0.549
Shahdara,2026-04,38,0.573,2.23,0.413
Shahdara,2026-05,58,0.708,1.98,0.507
Shahdara,2026-06,42,0.632,1.44,0.415
Shahdara,2026-07,89,0.617,1.28,0.521
Shahdara,2026-08,80,0.785,0.92,0.551
Shahdara,2026-09,77,0.634,2.23,0.535
North East,2026-04,69,0.634,1.71,0.495
North East,2026-05,85,0.487,3.3,0.539
North East,2026-06,87,0.5,2.12,0.502
North East,2026-07,85,0.556,2.03,0.516
North East,2026-08,58,0.688,1.76,0.491
North East,2026-09,64,0.638,2.0,0.495
Rohini,2026-04,92,0.873,2.59,0.683
Rohini,2026-05,87,0.842,3.06,0.677
Rohini,2026-06,110,0.95,3.0,0.775
Rohini,2026-07,90,0.901,2.67,0.692
Rohini,2026-08,86,0.95,2.66,0.701
Rohini,2026-09,105,0.931,4.96,0.833
Outer,2026-04,78,0.95,3.3,0.707
Outer,2026-05,93,0.95,3.59,0.756
Outer,2026-06,89,0.95,3.73,0.752
Outer,2026-07,125,0.931,4.38,0.86
Outer,2026-08,102,0.822,3.81,0.736
Outer,2026-09,104,0.909,4.06,0.786
Outer North,2026-04,57,0.676,2.08,0.496
Outer North,2026-05,75,0.649,2.41,0.543
Outer North,2026-06,48,0.669,2.14,0.473
Outer North,2026-07,94,0.633,2.58,0.591
Outer North,2026-08,52,0.563,2.18,0.442
Outer North,2026-09,46,0.501,2.06,0.398
Dwarka,2026-04,63,0.611,2.8,0.514
Dwarka,2026-05,58,0.649,2.04,0.486
Dwarka,2026-06,61,0.616,0.88,0.434
Dwarka,2026-07,65,0.544,1.57,0.443
Dwarka,2026-08,35,0.56,1.0,0.352
Dwarka,2026-09,77,0.576,1.12,0.468
Gurugram East,2026-04,54,0.655,1.77,0.468
Gurugram East,2026-05,60,0.565,2.05,0.458
Gurugram East,2026-06,38,0.591,1.79,0.403
Gurugram East,2026-07,108,0.578,1.85,0.575
Gurugram East,2026-08,79,0.583,2.28,0.522
Gurugram East,2026-09,51,0.719,1.75,0.485
Noida Central,2026-04,69,0.686,1.94,0.525
Noida Central,2026-05,64,0.642,2.53,0.518
Noida Central,2026-06,47,0.61,1.56,0.424
Noida Central,2026-07,53,0.543,2.85,0.464
Noida Central,2026-08,88,0.803,2.09,0.625
Noida Central,2026-09,51,0.517,3.09,0.458
Faridabad NIT,2026-04,41,0.57,1.79,0.402
Faridabad NIT,2026-05,90,0.514,2.79,0.542
Faridabad NIT,2026-06,83,0.582,2.4,0.536
Faridabad NIT,2026-07,41,0.588,2.0,0.418
Faridabad NIT,2026-08,25,0.628,2.34,0.407
Faridabad NIT,2026-09,38,0.482,1.68,0.355
